name,samaksa,tips,statuss,vertejums,klase,garums,symb,latitude,longitude,desc,image
Adamovas taka,bezmaksas,taka,neparbaudits,standarta,videji,1.4km,Trail Head,55.892502,27.134514,"Takas konfigurācija ir sarežģīta – tā met cilpas, virzās gan uz augšu, gan uz leju. Bērniem taku interesantāku padara dažādas koka figūras. Takas garums ir 1,4 km. Paveras lielisks skats uz Krāslavu un Daugavas ieleju. Liela faunas un floras daudzveidība.",none.jpg
Aizpute Nr11,bezmaksas,velo,neparbaudits,standarta,videji,25.5km,Bike Trail,56.7211,21.59602,"Aizpute – Kazdanga- Bojas – Aizpute (25,5 km). Marķēts dabā: Jā! Vairāk informācijas <a href='https://dl.dropboxusercontent.com/u/363993/CDN/velo/Aizpute.pdf'>PDF failā</a>",none.jpg
Aizvīķu meža parks,bezmaksas,parks,neparbaudits,standarta,videji,,Park,56.332363,21.722757,"Dodies pastaigā pa celiņiem, kur sastapsi koka skulpūras - teiksmu tēlus, kuru klātbūtne leģendām un noslēpumiem apvīto meža parku vērš vēl brīnumaināku.",none.jpg
Akmeņupes dabas taka,bezmaksas,taka,neparbaudits,standarta,videji,1-5km,Trail Head,56.06206,26.14183,"Apmeklētājs var izstaigāt Akmeņupes taku – 1 km, Neskartās dabas taku – 1 km vai Ekotaku – 5 km un iepazīt Akmeņupes ielejai raksturīgās ainavas, ģeoloģiskos veidojumus, meža, pļavas vai mitru vietu augus, putnus un dzīvniekus",none.jpg
Amatas ģeotaka,bezmaksas,taka,neparbaudits,standarta,videji,,Trail Head,57.224,25.2346,"Paaugstinātas grūtības taka, jo vietām ir aizaugusi, un prasa fizisku piepūli, t.i. piemērota tikai lieliem bērniem vai pieaugušajiem ar sagatavotību.",none.jpg
Ančupānu tornis,bezmaksas,tornis,neparbaudits,standarta,videji,,Oil Field,56.53859,27.315228,Skatu tornis no kura paveras skats uz Rēzeknes pilsētu un tuvāko apkārtni,none.jpg
Andrupenes purva taka,bezmaksas,taka,neparbaudits,standarta,viegli,750m,Trail Head,56.184355671,27.3929929733,"Rāznas nacionālā parka purvu krāšņumu un to dabas daudzveidību vislabāk iepazīt Andrupenes purvā, kur ierīkota dabas taka. Takas sākums Andrupenes ciemā, muzeja „Andrupenes lauku sēta” teritorijā",none.jpg
Augstrozes pilskalns,bezmaksas,pikniks,parbaudits,standarta,videji,,Campground,57.51429,25.013423,"Jauka un sakopta vieta, kur piestāt pa ceļam un apēst maizītes. Ir neliela taka ap pilskalnā esošajām drupām, un skats uz ezeru",d-augstrozes.jpg
Bārbaļu pussala,bezmaksas,taka,neparbaudits,standarta,videji,,Trail Head,56.6090665,26.3977308,"Dabas takas svarīgākie apskates objekti – dažādas nozīmes akmeņi, seni linu mārki, elku liepa, skats uz Teiču purvu, akmeņu krāvumi, melnā stārķa ligzda, neolīta laika apmetnes. Bārbaļos var sastapt visus Latvijā satopamos dzīvniekus un daudzas putnu sugas. ",none.jpg
Barona aplis,bezmaksas,velo,neparbaudits,standarta,videji,29km,Bike Trail,57.50489,22.35068,"29km aplis, kurš sākas un beidzas Dundagā. Ietver dažādus Dundagas apkārtnes apskates objektus, ved pa grantsceļiem. Marķēts dabā: nezināms. Vairāk info <a href='https://dl.dropboxusercontent.com/u/363993/CDN/velo/Dundaga.pdf'>PDF failā</a> (ieteicams izdrukāt)",none.jpg
Bārtas dabas taka,bezmaksas,taka,neparbaudits,standarta,videji,,Trail Head,56.389987,21.232324,Dabas izziņas taka no atpūtas pilsētiņas 'Ods' līdz Dūkupju ūdenskritumam,none.jpg
Bauskas dabas taka,bezmaksas,taka,neparbaudits,standarta,videji,,Trail Head,56.4062587,24.1792846,"Staigājot pa dabas parka Bauska pastaigu taku Jūs varat aplūkot Pētera akmeni, uzkāpt Bauska pils tornī, aizstaigāt līdz Lielupes sākumam pēc burvju ūdens malka.",bauskas.jpg
Bebru taka,bezmaksas,taka,neparbaudits,standarta,viegli,500m,Trail Head,57.278229,27.079416,500m taka gar bebru mājām un sagrauztiem kokiem ir piknika vietas,none.jpg
Bernāti Jūrmalciems,bezmaksas,velo,neparbaudits,standarta,videji,,Bike Trail,56.37864,20.9852,"Maršruts no Bernātiem uz Jūrmalciemu. Maršruts ir marķēts (zīmes un krāsojums uz koku stumbriem) – tas ved caur dabas parku “Bernāti” pa meža ceļiem līdz Latvijas augstākajai kāpai – Pūsēnu kalnam, kur iespējams iekurināt ugunskuru piknika vietā.",none.jpg
Bezdibeņa ezera taka,bezmaksas,taka,parbaudits,rekomendets,videji,,Trail Head,56.905859,22.394389,"Ļoti jauka, bet īsa purva laipa pie bezdibeņa ezera. Garām braucot notekti piestājet, laipas ir braucamas arī ar ratiem. Sakopts un patīkams. <a href='http://normis.info/dodies/2014/4/6/imulas-taka-un-bezdibenis'>Plašāka informācija</a>",bezdibenis.jpg
Burtnieku ezera skatu tornis,bezmaksas,tornis,neparbaudits,standarta,videji,,Oil Field,57.748807,25.2911708,Nesen uzbūvēts skatu tornis pie Burtnieka,none.jpg
Cenas tīreļa laipa,bezmaksas,taka,parbaudits,rekomendets,gruti,6km,Trail Head,56.862713,23.78864,"Šī ļoti reti apmeklētā purva laipa ir labā stāvoklī, taču pilnā garumā ir visai gara (6km). Ir gan tornis, gan informācijas stendi ar bildēm. <a href='http://www.normis.info/dodies/2013/06/03/cenas-tirelis/'>Plašāka informācija</a>",cenas.jpg
Cieres dabas taka,bezmaksas,taka,neparbaudits,standarta,viegli,410m,Trail Head,57.16236,25.66316,"Neliela, 410m gara dabas taka, pie Taurenes Nēķēna muižas. Taka ved gar Gaujas palieni, pussalā ierīkota atpūtas vieta",none.jpg
Ciriša ezera upursala,bezmaksas,taka,neparbaudits,standarta,videji,,Trail Head,56.131985,26.9898,Uz salu doties var noīrējot laivu kādā no mājām. Uz salas ir dabas taka. ,none.jpg
Cīrulīšu dabas taka,bezmaksas,taka,parbaudits,standarta,videji,,Trail Head,57.30722,25.2213,"Ļoti jauka taka, ar smukiem skatiem uz Gauju, tās vecupēm, alām. Dažādas grūtības posmi, ir varianti iet īsākus un garākus maršrutus. Sākums ir pie kempinga/laivu bāzes Žagarkalns, tur var atstāt auto, un paiet garām maksas teritorijai, tajā neieejot",cirulisu.jpg
Čužu purva taka,bezmaksas,taka,parbaudits,rekomendets,videji,3km,Trail Head,57.02638,22.78538,"3Km taka, no kuras 700m ir koka laipas. Tepat atrodami arī sēravoti. <a href='http://www.normis.info/dodies/2014/3/2/kandavas-takas'>Plašāka informācija</a>",cuzu.jpg
Dabas parks Balkanu kalni,bezmaksas,taka,neparbaudits,standarta,videji,,Trail Head,57.0692941,27.5828509,"Trīs ekskursiju takas atklāj dabas parka savdabīgo reljefu, interesantus dabas objektus, koka un akmens skulptūras. Visas 3 takas aizved pie dziļas ielejas, kur, kā vēsta leģenda, ir nogrimusi baznīca. ",none.jpg
Dabas taka Zaņas līkloči,bezmaksas,taka,neparbaudits,standarta,videji,4.5km,Trail Head,56.47225,22.22432,"Taka ir izstaigājama trīs posmos, garākais posms vienā virzienā ir apm. 4,5km garš un ved pa gleznaino Zaņas upes ieleju.",none.jpg
Daugavgrīvas mols,bezmaksas,taka,parbaudits,standarta,videji,,Trail Head,57.04642,24.02154,"Norādītajā vietā ierīkota autostāvvieta, un iespējams doties pa maršrutu līdz Daugavgrīvas molam. Daudzi nezin kā šeit nokļūt, taču maršruts ir interesants, pa ceļam ir gan veci bunkuri (paņemiet lukturīti), gan interesantas krasta konstrukcijas, gan skaista bāka, un protams arī pats mols, pa kuru var aiziet līdz galam, un vērot kuģu braukšanu Daugavā. <a href='http://normis.info/dodies/2013/09/09/daugavgrivas-mols'>Plašāka informācija</a>",daugavgriva.jpg
Dauģēnu dabas taka,bezmaksas,taka,neparbaudits,standarta,gruti,13km,Trail Head,57.87415,24.99788,"Skaņā kalna dabas takas galā sākas Dauģēnu taka. Kopā ar Skaņā kalna taku, iespējams iet pat 13km garu maršrutu, kas esot Latvijā garākā labiekārtotā dabas taka. Komplektā ar Skaņā kalna parku un takām, šis ir ļoti liels un interesants pastaigu komplekss",none.jpg
Dendroloģiskais parks Vāgneris,bezmaksas,parks,neparbaudits,standarta,videji,,Trail Head,56.9913145,23.1353348,"Parks ar dažādām pastaigu takām, kur aplūkot svešzemju koku sugas. Takas pieejamas bez maksas",none.jpg
Driksnis,bezmaksas,pikniks,parbaudits,standarta,videji,,Campground,56.68033,26.21082,"Pie Driksnas ezera ierīkota piknika vieta, ar galdu, ugunskura vietu un pat nelielu mājiņu, kurā paēst, ja līst lietus. Tepat peldvieta ar laipu.",driksnis.jpg
Drusku pilskalna taka,bezmaksas,taka,neparbaudits,standarta,videji,1km,Trail Head,57.58991725,26.9250011444,"Dabas taka sākas pie stāvlaukuma ļoti stāvas nogāzes pakājē. Uzkāpjot pirmajā virsotnē paveras skats uz Alūksnes augstieni Latvijā un Hānjas augstieni Igaunijā, kā arī uz Igaunijas augstāko virsotni Munameģi, tad pa meža ceļu taka ved uz Drusku pilskalnu, šķērso to un ved atkal lejā uz Pilskalna ezeru. Drusku pilskalns ir viens no visstāvākajiem Latvijas pilskalniem.",none.jpg
Dunduru pļavu tornis,bezmaksas,tornis,parbaudits,standarta,videji,,Oil Field,56.8335449,23.4011805,"Dunduru pļavas īpašas ar to, ka šeit ganās savvaļas govis, un te ir atkal salīkumota, kādreiz par grāvi pārvērstā Slampes upe. Te arī skatu tornis, un var izbraukt interesantu velo apli gar šo vietu.",dunduru.jpg
Dunikas purva taka,bezmaksas,taka,parbaudits,standarta,videji,,Trail Head,56.280701,21.382775,"Savdabīga, ļoti gara taka, pāri Dunikas purvam. Maršruts ir vairākus kilometrus garš, un neiet apļa veidā, tāpēc grūti iziet optimāli. Purva vidū interesanta, un Latvijā unikāla Skābbāržu audze.",dunika.jpg
Dvietes aplis,bezmaksas,velo,neparbaudits,standarta,videji,,Bike Trail,55.97843,26.29627,"Maršruts veidots tiem, kas vēlas iepazīt savdabīgu Sēlijas apvidu – Dvietes palienes dabas parku un tā tuvāko apkārtni. Ja maršruts tiek veikts pavasarī vai rudenī, to var apvienot ar putnu vērošanu. Garums 50km. Marķēts dabā: nezināms. Vairāk informācijas <a href='https://dl.dropboxusercontent.com/u/363993/CDN/velo/dviete.pdf'>PDF failā</a> (ieteicams izdrukāt)",none.jpg
Dziļezera-Riebezera taka,bezmaksas,taka,parbaudits,standarta,videji,,Trail Head,57.501761,24.581137,"Taka, kas lokveidā ved pa šauru zemes strēli starp diviem ezeriem. Slapjā laikā vajag guminjiekus, ne visur ir labā stāvoklī. Taka privāta, sākas pie mājām 'Priedītes' - jāpiesakās pie takas īpašniekiem, Tel. rakstīts uz zīmes pie iebraukšanas. Jāmaksā nav, saimnieks draudzīgs. Kā taka tā nav ļoti interesanta, ja vienīgi paskatīties uz vietu starp ezeriem, kur ir ļoti daudz foršu kempinga vietu. <a href='http://www.normis.info/dodies/2013/09/15/kirbizi-un-riebezers/'>Plašāka informācija</a>",riebezers.jpg
Ēgļu Jumurdas aplis,bezmaksas,velo,neparbaudits,standarta,videji,46km,Bike Trail,56.90639,25.64466,"46km aplis pa ceļiem, caur Cirstiem un Jumurdu. Iekļauj dažus apskates objektus. Marķēts dabā: nezināms. Vairāk info <a href='https://dl.dropboxusercontent.com/u/363993/CDN/velo/%C4%92rg%C4%BCi.pdf'>PDF failā</a> (Pelēkais maršruts, ieteicams izdrukāt)",none.jpg
Egļukalna skatu tornis,bezmaksas,tornis,parbaudits,standarta,videji,,Oil Field,55.873201,26.330263,Lielisks skats no šī ļoti augstā torņa,eglukalns.jpg
Ēkāju kontrabandistu taka,bezmaksas,taka,neparbaudits,standarta,gruti,4.5km,Trail Head,57.91193,24.52878,"Gājēju taka, kas veidota uz veco meža ceļu bāzes, ved caur Latvijas-Igaunijas pierobežas mežiem. Latviešu un igauņu kontrabandistiem kādreiz nav gājis viegli, jo apmēram 500 m garā posmā jāpārvar visai ekstrēmi šķēršļi: jābrien pa slapjiem brikšņiem, jākāpj pāri kritalām, un jālaipo pa ciņiem, lai nebūtu jāiekrīt dubļos līdz ceļiem. Šajā takā norāžu ir maz, jākuļas cauri pašam, tomēr gandarījums par paveikto arī daudz lielāks, nekā minot labiekārtotu celiņu.",none.jpg
Elles kalns,bezmaksas,pikniks,parbaudits,standarta,videji,,Campground,56.75499,22.9264,"Apskatāms 30m garš tunelis, kas 18. gs. beigās pārsegts ar mucveida velvēm. Blakus jauka piknika vieta, taku nav. <a href='http://normis.info/dodies/2013/12/23/kartavkalnu-taka-un-elles-kalns/'>Plašāka informācija</a>",elles.jpg
Embūtes pilskalns,bezmaksas,taka,parbaudits,rekomendets,videji,,Trail Head,56.51089,21.8182,"Embūtes pilskalnā ir bezmaksas stāvlaukums, pastaigu taka pa pilskalnu, strauts ar garšīgu ūdeni, un bezmaksas telšu vieta ar galdiņu piknikam. Embūtes centrā ir Info birojs",embute.jpg
Engures dabas takas,bezmaksas,taka,parbaudits,standarta,videji,,Trail Head,57.25789,23.13681,"Šeit var apskatīt savvaļas zirgus un govis, pastaigāt pa Orhideju taku, apmeklēt Engures ezera skatu torni. Viss ir bez maksas, un pieejams visos gadalaikos",engure.jpg
Engures ezera putnu tornis,bezmaksas,tornis,parbaudits,rekomendets,videji,,Oil Field,57.27163,23.12672,"Putnu vērošanas tornis pie Engures ezera, dabas takas galā",none.jpg
Eversmuižas taka,bezmaksas,taka,neparbaudits,standarta,videji,,Trail Head,56.551537,27.884674,"Taka vijas gar gleznainajiem Ilžas (Ludzas) upītes krastiem, pa veco Eversmuižas parku, gar Eversmuižas Sv. Andreja katoļu baznīcu un muižas ēkām līdz Felicianovas muižai un dzirnavām.",none.jpg
Gārsenes parks,bezmaksas,taka,neparbaudits,standarta,viegli,,Trail Head,56.10552,25.822757,"Dienvidsusējas upītes krastos pie Gārsenes pils izveidotas trī tūrisma takas. Pieejamas telšu vietas nakšņošanai un ugunskura vieta grupas piknikam, kā arī laivu īre nelielam ceļojumam pa upi.",none.jpg
Gaujas kultūrvēstures taka,bezmaksas,velo,parbaudits,standarta,videji,60km,Bike Trail,57.624,25.8457,"Kopā ar Igauniju veidots projekts, esot gan gājēju, gan auto maršruti, taču izpētot tuvāk, šķiet labākais to braukt ar velo. Kopā ap 60KM maršruts uz Igauniju. Takas otrā galā (Igaunijā) ir atpūtas vieta, un tornis",none.jpg
Gaujienas taka,bezmaksas,taka,neparbaudits,standarta,gruti,8m,Trail Head,57.516872,26.400275,"Taka atrodas Gaujienā un ierīkota astotnieka veidā. Apskates objekti vairāk saistīti ar kultūrvēsturi, apskatīt iespējams lielāko daļu no Gaujienā esošajiem kultūrvēstures objektiem, kā arī dolomīta atsegumus, gravu un nogāžu mežus, avotus.",none.jpg
Grebļu kalns,bezmaksas,taka,neparbaudits,standarta,videji,,Trail Head,56.1787431,28.1144319,"Taka uz šauras strēles starp diviem ezeriem. Dabas liegumā izveidojies īpatnējs mikroklimats, un līdz ar to saglabājies augu sugu komplekss, kas bija raksturīgs Latvijas dabai 4500-2500 gados p.m.ē. Te sastopamas līdz 500 zvīņspārnu sugām, dažas no taureņu sugām ir vienīgās Baltijā.",none.jpg
Gulbenes maršruti,bezmaksas,velo,neparbaudits,standarta,videji,,Bike Trail,57.17256,26.7612,"Divi maršruti no Gulbenes, 22km (Stāmarienas ezers) un 70km (Tirza un Gauja) garumā. Marķēts dabā: nezināms. Vairāk info <a href='https://dl.dropboxusercontent.com/u/363993/CDN/velo/gulbene.pdf'>PDF failā</a> (ieteicams izdrukāt)",none.jpg
Imulas upes taka,bezmaksas,taka,parbaudits,standarta,videji,,Trail Head,57.0126641,22.6245833,"Imula ir viena no Abavas pietekām – līkumota un dažkārt ar stāviem krastiem. Tās garums ir ap 5 km, un tā aizved līdz pat Buses pilskalnam. Taka ir slikti marķēta, un visai aizaugusi, taču šķiet kāds to cenšas lēnām atjaunot. Iešana vietām ir grūta. Pie takas sākuma ir jauka piknika vieta un stāvvieta. <a href='http://normis.info/dodies/2014/4/6/imulas-taka-un-bezdibenis'>Plašāka informācija</a>",imula.jpg
Jēču taka,bezmaksas,taka,neparbaudits,standarta,videji,,Trail Head,57.843015,25.447598,"Takā redzēsi virkni unikālu dabas un kultūrvēsturisku veidojumu – Jēču bļodakmeni, Pugu akmeņu krāvumus, Kraujiņu milzakmeni un arī reģionam tipiskus pļavu, mežu un purvu biotopus. Var būt vajadzīgi gumijas zābaki. Sarkanais marķējums (Jēči-Pugas-Grantiņi) – 7 km (3 stundas). Zilais marķējums (Jēči-Pugas) – 2 km (1 stunda). Aplis pa sarkano un zilo marķējumu (Jēči-Pugas–Jēči) – 7 km (3 stundas). Taka ir bezmaksas",none.jpg
Jēkabpils meža parks,bezmaksas,taka,neparbaudits,standarta,videji,,Trail Head,56.4825,25.85541,"Atpūtas un sportošanas vieta. Tajā iekārtota Veselības taka, volejbola laukumi, šūpoles un kamaniņu kalniņš. Parka DR pusē esošā pludmale Radžu ūdenskrātuves krastā ir labiekārtota",none.jpg
Kalētu dendroloģiskās takas,bezmaksas,parks,neparbaudits,standarta,videji,,Park,56.358114,21.495379,"Dodoties ceļā pa īpaši veidoto dabas taku, apskatāms Ķeizarakmens, kas uzstādīts par godu Krievijas caram Romanovam, iepazīstami diži un veci koki, bet Zaļumplacī atrodams koka skulptūru ansamblis",none.jpg
Kaltenes kalvas,bezmaksas,taka,parbaudits,rekomendets,videji,1.5km,Trail Head,57.458136,22.855719,"Aptuveni pusotra kilometra attālumā no Kaltenes jūrmalas mežā atrodas lieli akmens krāvumi, kas tiek dēvēti par kalvām. Šie ir unikāli veidojumi, jo nekur citur Latvijas piekrastē tie nav sastopami. Apsūnojušie, ar mežu apaugušie vaļņveidīgie pasaules tapšanas liecinieki veidojušies pirms vairākiem tūkstošiem gadu, atkāpjoties Baltijas ledus ezeram. To apskatei ierīkotas speciālas dabas takas.",kalteneskalvas.jpg
Kaltenes putnu tornis,bezmaksas,tornis,parbaudits,standarta,videji,1km,Oil Field,57.438396,22.909638,"Putnu vērošanas tornis pie Kaltenes putnu takas. Takas sākumā ir tualete un bezmaksas auto stāvvieta (punkts atlikts tur kur ir pats tornis). Pa vidu takai ir arī putnu vērošanas platforma. Jauka vieta.",kaltenestornis.jpg
Kamparkalna skatu tornis,bezmaksas,tornis,parbaudits,standarta,videji,600m,Oil Field,57.214432,22.643767,"Šis ļoti augstais tornis atrodias Ziemeļkurzemes augstākajā vietā. Agrāk tornim bija iespējams piebraukt klāt, taču tagad privātīpašnieki uzlikuši sētu, un jābrauc no pretējās puses. No jaunās stāvvietas līdz tornim ir pastaiga pa mežu.",kamparkalns.jpg
Kangaru ezers,bezmaksas,taka,parbaudits,standarta,videji,,Trail Head,56.9197,24.73025,"Neliela taka līdz ezeram un pilskalnam jaukajā Kangaru osu rajonā, ieteicama pieturvieta braucot pa skaisto Kangaru ceļu. <a href='http://normis.info/dodies/2014/01/11/viesura-ezera-taka-un-kangara-ezers/'>Plašāka informācija</a>",kangaru.jpg
Kaņiera dabas taka,bezmaksas,taka,parbaudits,standarta,videji,,Trail Head,56.99764,23.4761,"Skaista taka starp Kaņiera salām, šeit ir daudz putnu, un lielisks skats no putnu torņa",kanieris.jpg
Kaņiera ezera putnu tornis,bezmaksas,tornis,parbaudits,standarta,videji,,Oil Field,57.000673,23.471067,Putnu vērošanas tornis pie Kaņiera ezera,none.jpg
Kaņiera pilskalna taka,bezmaksas,taka,parbaudits,rekomendets,videji,2.5km,Trail Head,56.9914379,23.434559,"Jauna apļveida taka pie Kaņiera ezera, aptuveni 2.5km gara, pa ceļam ir dažādi informācijas stendi, piknika vietas ar ugunskura vietu, un skatu tornis. Ja vienīgi kas pietrūkst, tad tā ir tualete. Vairāk informācijas <a href='http://normis.info/dodies/2013/08/31/kaniera-taka-un-bigaunciems/'>blogā</a>",kanierapilskalns.jpg
Kārķu Lustiņdruvas taka,bezmaksas,taka,neparbaudits,standarta,videji,1km,Trail Head,57.818753,25.608116,"Lustiņdruvas taka atrodas īpaši aizsargājamā dabas teritorijā – Ziemeļvidzemes biosfēras rezervātā. Vēsturiski Lustiņdruva jau muižas laikos un pirmās brīvvalsts laikā veidota kā atpūtas vieta, šajā periodā muižas dārznieks mežā izveidojis pastaigu celiņus.Lustiņdruvas takas galvenās vērtības ir saistāmas ar Ķires upes ieleju, tai abpus piegulošajiem mežiem un teritorijas kultūrvēsturi. Takas īsākā ceļa kopgarums 999m.",none.jpg
Kartavkalna taka,bezmaksas,taka,parbaudits,rekomendets,videji,,Trail Head,56.716568,23.017921,"Senlatviešu būves un bērnu laukumi, gara taka ar vairākiem maršrutiem, jaukas piknika vietas. <a href='http://normis.info/dodies/2013/12/23/kartavkalnu-taka-un-elles-kalns/'>Plašāka informācija</a>",kartavkalnu.jpg
Katlapiezis Sigulda,bezmaksas,taka,neparbaudits,standarta,gruti,13km,Trail Head,57.16504,24.84209,"13KM gara taka, bez atgriešanās sākuma punktā. <b>Marķēta ar dzelteniem rombiem</b>! <a href='http://www.gnp.lv/print/184'>GNP info</a>",none.jpg
Kokšu ezera taka,bezmaksas,taka,neparbaudits,standarta,gruti,7km,Trail Head,57.6753,26.071,"Iestaigāta taka, bez seguma. Apskatāms Zāļu, Dziļais un Dibena ezers, meža biotopi, bebraines, dabiskas ūdensteces mežā.  Takas sākumā atpūtas vieta, lielais informatīvais stends. Takā izvietoti 16 stendi ar informāciju par dabas vērtībām, informācija latviešu valodā. Divi tiltiņi pār ezerus savienojošo Kokšupīti. Pie ezeriem 3 atpūtas vietas ar galdiem, soliem un atkritumu konteineriem.",none.jpg
Kolkas priežu taka,bezmaksas,taka,parbaudits,standarta,videji,,Trail Head,57.7563424985,22.5905513763,"Neliels pastaigu aplis netālu no jaunā Kolkas skatu torņa, tepat bezmaksas autostāvvieta un iespēja aiziet līdz kolkas ragam nemaksājot privātajai stāvvietai kas ir tur tuvāk.",none.jpg
Kolkas putnu tornis,bezmaksas,tornis,parbaudits,standarta,videji,,Oil Field,57.757802104,22.592021227,Augsts putnu vērošanas tornis Kolkā,d-kolkastornis.jpg
Krāku dabas taka,bezmaksas,taka,neparbaudits,standarta,videji,2.1km,Trail Head,56.7671893,26.1480672,"Krustkalnu rezervātā pie Dreimaņu rijas ierīkota taka (2100 m). Kāpnes uz Krāku avotu (DPM) un uzstādīti informatīvie stendi, norādes un robežzīmes. Atklāta 2013. gada augustā.",none.jpg
Kristakrūga tornis,bezmaksas,tornis,neparbaudits,standarta,videji,,Oil Field,56.5389668,26.5676943,"Kristakrūgā pie šosejas ir izveidots jauns skatu tornis, ar plašu skatu pār Teiču dabas rezervātu",none.jpg
Krustkalnu skatu tornis,bezmaksas,tornis,parbaudits,standarta,videji,,Oil Field,56.7306,26.1414,"Ļoti augsts metāla tornis ar skatu uz Krustkalnu dabas rezervātu. Nekādu ekstru nav, tikai tornis",krustkalnu.jpg
Kubeseles dabas taka,bezmaksas,taka,parbaudits,rekomendets,videji,3.5km,Trail Head,57.16365,24.76881,"Lielisks pārgājienu maršruts, kurā var apskatīt gan mežu, gan alas, gan strautus un Gauju. Pietiekami īss un vienkāršs lai varētu iet ar mazu bērnu. Ar ratiem varētu vietām būt grūti. <a href='http://normis.info/dodies/kubeseles-taka/'>Plašāka informācija</a>",kubesele.jpg
Kuivižu putnu tornis,bezmaksas,tornis,neparbaudits,standarta,videji,,Oil Field,57.825652,24.335983,Putnu vērošanas tornis Randu pļavās,none.jpg
Kupskalnu dabas taka,bezmaksas,taka,parbaudits,standarta,videji,,Trail Head,56.99134,23.52379,"Pavisam īsa un neliela, taču jauks maršruts lai tiktu pie jūras, ir bezmaksas stāvvieta, taka ir braucama ar ratiem, un skats pie jūras super! <a href='http://normis.info/dodies/2013/08/31/kaniera-taka-un-bigaunciems/'>Plašāka informācija</a>",kupskalnu.jpg
Ķemeru laipas,bezmaksas,taka,parbaudits,standarta,videji,,Trail Head,56.91659,23.46516,"Šķiet šīs ir vispopulārākās laipas Latvijā, un tās tikko tikušas atjaunotas. Laipām ir jauns maršruts, un pa vidu uzbūvēts skaists skatu tornis. Ir bezmaksas stāvvietas ar tualetēm. ",none.jpg
Ķengaraga putnu tornis,bezmaksas,tornis,parbaudits,standarta,videji,,Oil Field,56.89936,24.19276,"Skaista vieta saulrietā kur pastaigāties, pavērot daugavu, mierīgi pasēdēt uz soliņa, vai aktīvākos periodos pavērot putnus. Te ir arī garš gājēju celiņš uz centru, kas iet tieši gar Daugavu. Pie putnu torņa ir bezmaksas stāvvieta.",none.jpg
Ķirbižu meža taka,bezmaksas,taka,parbaudits,rekomendets,videji,,Trail Head,57.651,24.49082,"Interesanta meža taka, izskatās, ka šeit ļoti sen nav bijuši apmeklētāji, lai arī taka tiek kopta. Takā ir daudz interesantu koku, sēņu, atpūtas vietu un milzīgs dižozols. Iesaku te iegriezties, pastaiga ved pāri dažiem foršiem tiltiņiem, gar skaistu akmeņainu upi, var apskatīt ļoti lielu meža dažādību. Ir laba pamestības sajūta, ciematā neviena cilvēka. Auto var atstāt pie Meža muzeja, tur arī takas sākums. 2km. <a href='http://normis.info/dodies/2013/09/15/kirbizi-un-riebezers/'>Plašāka informācija</a>",kirbizi.jpg
Lāčupes dendroloģiskā taka,bezmaksas,taka,parbaudits,standarta,videji,,Trail Head,57.0464,23.35242,"Interesanta meža taka gar upīti, taku nav viegli atrast, jo konkrētas norādes uz tās sākumu nav, un izbūvētā laipa aiziet pa taisno uz jūru. Manis atliktās koordinātes ir pareizas. Uz takas ir dažādi interesanti koki, rododendri, nelielas interesantas mājiņas un pat vigvams. <a href='http://normis.info/dodies/2013/09/02/valguma-baskaju-taka-un-lacupite/'>Plašāka informācija</a>",lacupite.jpg
Lībiešu ciemu taka,bezmaksas,velo,neparbaudits,standarta,videji,28km,Trail Head,57.6621879,22.2273108,"Maršruts piemērots aktīviem braucējiem, kam interesē piekrastes daba un lībiešu kultūras mantojums. Maršruts pa veco meža ceļu ved cauri pieciem ciemiem: Mazirbei, Košragam, Pitragam, Saunagam un Vaidei. Tie vietām vēl glabā senās zvejnieku dzīves iezīmes. Atpakaļ dodamies pa Ventspils – Kolkas autoceļu (P 124), kas ir asfaltēts. Ir marķēts.",none.jpg
Lielais liepu kalns ar skatu torni,bezmaksas,tornis,neparbaudits,standarta,videji,,Oil Field,56.270791,27.6547405, Latvijas augstākais koka skatu tornis (34m) ir šobrīd augstākā vieta Latvijā,none.jpg
Lielezera dabas taka,bezmaksas,taka,parbaudits,standarta,videji,,Trail Head,57.50258,24.70406,"Limbažu pašā centrā pie ezera ierīkotas pastaigu laipas, putnu tornis, labiekārtota pludmale un bērnu laukums. Bezmaksas stāvvieta un viss pārējais",limbazi.jpg
Liepājas ezera taka un tornis,bezmaksas,tornis,neparbaudits,standarta,videji,400m,Oil Field,56.494377,21.0244576,"400M gara laipa un putnu tornis pie Liepājas ezera, Tisē ielas galā. Vasarā ticis izdemolēts, dodiet ziņu, vai jāizņem no kartes",none.jpg
Līgatnes dabas takas,bezmaksas,taka,parbaudits,standarta,videji,,Trail Head,57.24806,25.01545,"Tagad kļuvis bezmaksas, šis lieliskais parks dod iespēju apskatīt dažādus savvaļas dzīvniekus, izstaigāties, un paēst lētā ēdnīcā. Tepat gan Gauja, gan citi Līgatnes objekti",ligatne.jpg
Līgatnes upes taka,bezmaksas,taka,parbaudits,rekomendets,videji,1.5km,Trail Head,57.127999,25.160309,"Taka pa vecu un skaistu mežu, gar straujo Līgatnes upi. Ir dažādi interesanti tiltiņi, īsta meža atmosfēra, brīžiem taka ir stāva, vienā vietā pāri upei jāiet pa kritušu koku, kam piemontētas margas. Pa ceļam ir vairākas piknika vietas, sākumā pie stāvvietas ir arī ugunskura vieta. Līdz takai no ceļa nokļūst sekojot koka norādēm kuras sākas pie autobusu pieturas Ķigari, 7km no Līgatnes uz Nītaures ceļa <a href='http://normis.info/dodies/2013/09/09/ligatnes-upes-dabas-taka-un-malpils-dabas-taka/'>Plašāka informācija</a>",ligatnes.jpg
Ložmetējkalns,bezmaksas,tornis,parbaudits,standarta,videji,,Oil Field,56.86587,23.66051,"Ložmetējkalnā ir izvietots milzīgs skatu tornis, ir iespēja pastaigāt pa mežu, un apmeklēt netālu esošās brīvdabas ekspozīcijas par kara tēmu. Ir atjaunoti ierakumi, bunkuri un citas vietas. ",none.jpg
Lubāna piknika vietas un pludmale,bezmaksas,pikniks,parbaudits,standarta,videji,,Campground,56.797136,26.934441,"Fantastiska vieta atpūtai, šeit ir ļoti plaša smilšainā pludmale, daudz galdiņu, stāvvietas, ģērbtuves un pastaigu laipa. Visā šajā Lubāna piekrastē ir iespēja atpūsties pie ezera, bez maksas un ar daudz ekstrām.",lubans.jpg
Lubāna putnu tornis,bezmaksas,tornis,parbaudits,standarta,videji,,Oil Field,56.79045,26.82157,"Viens no vairākiem līdzīgiem putnu torņiem ap Lubāna ezeru. Piemērots tieši putnu vērošanai, jo nekādu citu aktivitāšu tuvumā nav. Paveras plašs skats pār Lubānas ezeru un mitrāju",lubana1.jpg
Lubāna putnu tornis 2,bezmaksas,tornis,parbaudits,standarta,videji,,Oil Field,56.71503,26.7678,"Viens no vairākiem līdzīgiem putnu torņiem ap Lubāna ezeru. Piemērots tieši putnu vērošanai, jo nekādu citu aktivitāšu tuvumā nav. Paveras plašs skats pār Lubānas ezeru un mitrāju.",lubana2.jpg
Luksta ezera taka,bezmaksas,taka,slikts,standarta,videji,1.2km,Trail Head,57.423969,26.701132,"1.2Km gara taka ar lapām ap ezeru, piknika vietas ",none.jpg
Lustūžkalna aplis,bezmaksas,velo,neparbaudits,standarta,videji,,Bike Trail,56.98828,23.31547,"Šis maršruts piedāvā pauguru pievarēšanu no 9 līdz 63 m virs jūras līmeņa. Vēl lustīgāk to darīt būs, kad uzzināsiet, ka Lustūžkalnā lustējusies arī Krievijas ķeizariene Katrīna. Šeit viņai bijusi izpriecu pils un zelta kariete, kuru, lai cits to nedabūtu, viņa nogremdējusi Valguma ezerā. Marķēts dabā: Jā! Vairāk info <a href='http://www.daba.gov.lv/public/lat/turistiem/apraksti/velomarsruti/lustuzkalna_aplis/'>DAP</a>",none.jpg
Mālpils dabas taka,bezmaksas,taka,parbaudits,standarta,videji,,Trail Head,57.010593,24.99033,"Savdabīga taka, lielākoties vienkārši izpļauts maršruts gar upi. Sākas pie liela Ozola, kur ir gan piknika vieta, gan tualete. Tālāk virzās gar upi. Skati pie upes ir jauki, taču pati taka nav diez ko iekārtota, un virzās vienā virzienā, tāpēc prātīgi vienu auto atstāt tās otrā galā, ja braucat ar divām mašīnām. <a href='http://normis.info/dodies/2013/09/09/ligatnes-upes-dabas-taka-un-malpils-dabas-taka/'>Plašāka informācija</a>",malpils.jpg
Matuļu taka,maksas,taka,neparbaudits,standarta,videji,,Trail Head,57.458245,26.109336,"Taka bērniem, dažādi interesanti saimnieku izgatavoti tēli un objekti. Ieeja par ziedojumiem",none.jpg
Melnalkšņu dumbrāja taka,bezmaksas,taka,parbaudits,standarta,videji,,Trail Head,56.9527769819,23.5116702318,"Neliela pastaigu laipa, blakus ir Meža māja, dabas aizsardzības parka birojs",none.jpg
Mežmuižas avoti,maksas,taka,parbaudits,standarta,viegli,700m,Trail Head,57.1004198,24.8022831,"Aizsargājams dabas liegums, kurā atrodas 700m gara, jauka taka un vairāki avoti. Ieteicams paņemt traukus ūdenim. Ieeja maksā 1EUR, taču teritorija ir labi sakopta un par to rūpējas. Ir ļoti ainaviskas atpūtas vietas piknikam. <a href='https://normis.info/dodies/2014/4/21/memuias-dabas-taka'>Plašāka informācija</a>",mezmuizas.jpg
Mīlestības taka,bezmaksas,taka,neparbaudits,standarta,videji,2km,Trail Head,57.54892,25.49478,"2Km gara taka pie Gaujas, sākas pie kempinga Jaunarāji. Taka ir labiekārtota",none.jpg
Murjāņi Sigulda,bezmaksas,taka,neparbaudits,standarta,gruti,10km,Trail Head,57.17594,24.84729,"10KM gara taka, bez atgriešanās sākumpunktā. Sākums pie Gūtmaņa alas. <b>Marķēta ar Zaļiem rombiem</b>. Pārklājas ar Kubeseles taku (abas sākas/beidzas pie Krimuldas baznīcas). <a href='http://www.gnp.lv/print/183'>GNP info</a>",none.jpg
Niedrāju pilkas purvs,bezmaksas,taka,parbaudits,standarta,videji,,Trail Head,57.741426,24.639322,"Jauka, pusotra kilometra purva laipa ar nelielu putnu tornīti pie smukām lāmām. Īpašam braucienam nav vērts, bet rajonā esot var piestāt",d-niedraju.jpg
Numernes tornis,bezmaksas,tornis,neparbaudits,standarta,videji,,Oil Field,56.8456247,27.4937687,Dabas parkā Numernes Valnis uzstādīts jauns augsts skatu tornis.,none.jpg
Numernes vaļņa taka,bezmaksas,taka,neparbaudits,standarta,videji,,Trail Head,56.84587,27.49738,"Dabas parkā Numernes Valnis uzstādīts jauns augsts skatu tornis, kā arī dabas takas un atpūtas vietas.",none.jpg
Ogres zilie kalni,bezmaksas,taka,parbaudits,standarta,videji,,Trail Head,56.82426,24.5991,"Šajā vietā sākas pastaigu maršruts pa Ogres Zilajiem kalniem, pa ceļam izvietoti dažādi nelieli informācijas stendi, maršruts ir visai garš, un nav konkrēta virziena, tā kā teritorija ir visai plaša, var braukt arī ar velosipēdiem, jo nav nekādu laipu, tikai iešana pa priežu meža takām.",none.jpg
Oleru purva taka,bezmaksas,taka,neparbaudits,standarta,videji,1.1km,Trail Head,57.8025,25.374722,Taka ved cauri mežam uz skatu torni purva malā.,none.jpg
Oleru putnu tornis,bezmaksas,tornis,neparbaudits,standarta,videji,,Oil Field,57.8080275,25.3689027,Putnu vērošanas tornis pie Oleru dabas takas,none.jpg
Ormaņkalna tornis,bezmaksas,tornis,neparbaudits,standarta,videji,,Oil Field,56.259348,25.531754,"Skatu turnis un atpūtas vieta pie Saukas ezera, Ormaņkalnā",none.jpg
Papes ezers,bezmaksas,taka,parbaudits,standarta,videji,,Trail Head,56.152,21.0485,"Lai arī Papes ezers piedāvā daudz un ļoti garus pārgājienu maršrutus, kā arī savvaļas zirgu un tauru apskati, objekti ir sarežģīti izvietoti, un bieži vajadzīgs gids. Iesaku apmeklēt TIC Rucavā lai noorientētos. ",none.jpg
Papes putnu tornis,bezmaksas,tornis,parbaudits,standarta,videji,,Oil Field,56.18742,21.0149,Putnu vērošanas tornis pie Papes ezera,none.jpg
Pēterezera taka,bezmaksas,taka,parbaudits,standarta,videji,,Trail Head,57.6543666,22.2706833,Nesen atjaunota,none.jpg
Piekūnu dabas takas,maksas,taka,neparbaudits,standarta,videji,,Trail Head,56.86665,25.94417,"Nav skaidrs vai iespējams apmeklēt bez gida, taču pie Piekūnu kempinga sākas dažādas dabas takas Gaiziņa apkārtnē. Iespējams maksas.",none.jpg
Pilskalnes Siguldiņa,bezmaksas,taka,parbaudits,rekomendets,videji,,Trail Head,55.97784,26.25803,"Plaša teritorija ar vairākām dabas takām dažādos garumos, info centru un skaistiem ezeriem. Te ir gan dendroloģijas taka, gan pirmā pasaules kara bunkuru taka, gan ainavu taka utt.",pilskalne.jpg
Planču purva taka,bezmaksas,taka,neparbaudits,standarta,viegli,400m,Trail Head,57.881084,24.753968,Planču jeb Janīšu-Dainas purvs ir neskarts augstais purvs ar izteiktu ciņu-lāmu kompleksu. Takas laipas ved uz skatu platformu.,none.jpg
Plieņciema taka,bezmaksas,pikniks,parbaudits,standarta,videji,,Campground,57.087132,23.259802,"Īsa koka laipa līdz pludmalei, kur ierīkoti galdiņi, tualete. Ainaviska vieta. Klusa un mierīga vieta kur atpūsties pie jūras",none.jpg
Pokaiņu parks,maksas,parks,parbaudits,standarta,videji,,Park,56.576725,23.070652,"Dažādi akmeņu krāvumi un veidojumi, gar kuriem mežā izveidots pastaigu maršruts. Vai tas tiešām ir ļoti sens svētvietu atlikums, vai kāda biznesa ideja – tas lai paliek jūsu ziņā :)",none.jpg
Priedaines skatu tornis,bezmaksas,tornis,neparbaudits,standarta,videji,,Oil Field,55.892638,27.145689,Otrais augstākais koka skatu tornis Latvijā (32m). Torņa pakājē ir ierīkota atpūtas vieta. Garām ved velomaršruts 'Saulkrastu taka'(8 km).,none.jpg
Pūrciema baltās kāpas taka,bezmaksas,taka,neparbaudits,standarta,viegli,900m,Trail Head,57.576864,22.62787,"Pūrciema Baltā kāpa ir apmēram 20 metrus augsta. Izstaigājot taku, iespējams iepazīties ar to, kā veidojusies smilšu strēle un kā mainījusies daba laika un cilvēku ietekmē. Takas garums ir 900 metru, bet laiks, kas nepieciešamas tās izpētei – līdz vienai stundai.",none.jpg
Purezera taka,bezmaksas,taka,parbaudits,rekomendets,videji,4km,Trail Head,57.67974,24.927314,"Fantastiska taka, noteikti iesakām aizbraukt, kopējais garums ap 4km, taka ir apļveida, un tā sākumā iet pa skaistu vecu mežu, pēc tam aplī ap purva ezeru. Pa ceļam vairākas atpūtas vietas, ar ugunskura vietām ūdenī (tas ir jāredz). Īpaši rekomendējam.",d-purezera.jpg
Ragakāpas dabas taka,bezmaksas,taka,parbaudits,standarta,viegli,850m,Trail Head,56.995699,23.919282,"Tepat pie pilsētas izveidota taka pa kāpām pie jūras, ir iespējas bez maksas nolikt auto, ir dažādi stendi, piekļuve pie jūras netipiskā vietā. Garums ap 850m",ragakapa.jpg
Raipala ezera taka,bezmaksas,taka,neparbaudits,standarta,gruti,8km,Trail Head,57.58991,26.9501168,"Taka sākas Kornetu centrā iepretim pagasta pārvaldes ēkai, kurā izvietota bijušās Veclaicenes pamatskolas vēstures istaba. Nepilnus 8 km garā taka līkumo gar Ievas un Trumulīša ezeru krastiem, ved caur Raipala birzi un apliec loku ap Raipalu - vienu no Latvijas dziļākajiem ezeriem. Var iziet arī īsāku, 2,4 km garu takas posmu. ",none.jpg
Rāmkalnu aplis,bezmaksas,velo,parbaudits,standarta,videji,31km,Bike Trail,57.12629,24.65938,Velo ceļojums no „Rāmkalniem” līdz Siguldai gar Gaujas abiem krastiem. <a href='http://ramkalni.lv/lat/pakalpojumi/velomarsruti-267#1rmkalni-krimulda-sigulda-rmkalni-31-km'>Maršruta apraksts un karte</a>,none.jpg
Randatu taka,bezmaksas,taka,parbaudits,standarta,videji,,Trail Head,57.44544,26.34558,"Taka sākas pie Luiku mājām, un izmet nelielu loku gar Gauju. Ir dolomītu atsegumi, lieli akmeņi un skaisti skati uz Gauju. Sākumā pieejama stāvvieta, bet pie upes ir atpūtas vieta. <a href='http://www.normis.info/dodies/randatu-taka'>Plašāka informācija</a>",randatu.jpg
Randu pļavu taka,bezmaksas,taka,neparbaudits,standarta,videji,1.4km,Trail Head,57.8335461333,24.3445014954,"Taka ved uz putnu vērošanas torni caur pļavām un tām pieguļošo kāpu, ko sedz priežu mētrājs un lāns. Koka laipas vietām mijas ar vienkārši iemītu taku.  Randu pļavas ir vienīgās piejūras pļavas Latvijā, kas arī uzskatāmas par dzīvo herbāriju, kur 200 ha platībā sastopama trešdaļa Latvijas ziedaugu. Šeit sastopami gandrīz visi Latvijas piekrastes biotopi, tai skaitā lielākais piekrastes pļavu un lagūnu komplekss.",none.jpg
Remtes parks,bezmaksas,parks,parbaudits,standarta,videji,,Park,56.736846,22.698352,"Pastaigām sevišķi piemērota vieta, jo to veido bijušais muižas centrs ar iršu dārzu, alejām, ainaviskiem koku stādījumiem un savu Mīlestības saliņu. ievērības cienīgi ir ne vien dažādo un dendroloģiski vērtīgo koku stādījumi, bet arī 1890. gadā celtais Medību tornis, no kura paveras brīnišķīgs skats uz Remtes ezera ūdeņiem",none.jpg
Saukas velo aplis,bezmaksas,velo,neparbaudits,standarta,videji,26km,Bike Trail,56.27029,25.42447, 26 kilometri. Vidēji grūts. Maršruts ved  pa paugurainiem grants ceļiem. Asfalta segums tikai Lones ciematā (0.5 km). Sākums ”Bincānos” (tur iespējama arī velosipēdu noma). Turpiniet maršrutu tālāk un dodieties virzienā uz Cīruļiem (Riti). Pa ceļam varat apskatīties un iegādāties lauku labumus saimniecībā ”Niedras”. Marķēts dabā: ir! Vairāk info <a href='http://www.saukasdabasparks.lv/velomarsruts.htm'>Saukas parka mājaslapā</a>,none.jpg
Salacgrīva Tūja,bezmaksas,velo,neparbaudits,standarta,videji,35km,Bike Trail,57.7518317,24.3558957,"Velomaršruts sniedz iespēju tūristam apskatīt Vidzemes piekrasti posmā no Salacgrīvas līdz Tūjai braukt pa lielākiem un mazākiem meža ceļiem, stumt velosipēdu gar piekrasti; iepazīt Vidzemes piekrastes vēsturisko apbūvi un unikālus dabas objektus, kā arī apskatīt visakmeņaināko Latvijas piekrastes ainavu. Maršruts ir marķēts. Vairāk info <a href='https://dl.dropboxusercontent.com/u/363993/CDN/velo/Salacgriva-Tuja_LV.pdf'>PDF failā</a>",none.jpg
Saulrieta taka,bezmaksas,taka,neparbaudits,standarta,videji,3.6km,Trail Head,57.23362,24.39314,"3.6KM gara taka no Baltās kāpas līdz Pēterupei. Iespējams doties pat tālāk, līdz Zvejniekciemam (kopā 11KM). Vairāk info <a href='https://dl.dropboxusercontent.com/u/363993/takas-saulkrasti.pdf'>TIC kartē</a>",none.jpg
Sedas purva tornis,bezmaksas,tornis,neparbaudits,standarta,videji,,Oil Field,57.71,25.7185,"Sedas purvs un pilsēta ir savdabīga un ļoti interesanta apkārtne, pilsētā joprojām jaušams padomju gars. Uz šo torni atbraukt no Sedas nevar, tikai no Jērcēniem. Uz norādēm rāda, ka šeit ir taka, bet tas ir 12KM maršruts pa ceļiem, tā ka šķiet nav vērts",none.jpg
Sedas purva tornis 2,bezmaksas,tornis,parbaudits,standarta,videji,,Oil Field,57.6831054,25.7603254,"Sedas purvs un pilsēta ir savdabīga un ļoti interesanta apkārtne, pilsētā joprojām jaušams padomju gars. Norādītajā vietā ir putnu vērošanas tornis, dabas takas var ignorēt, jo tās vienkārši ir 12Km pa ceļiem. ",none.jpg
Sietiņiezis un taka,bezmaksas,taka,parbaudits,standarta,videji,,Trail Head,57.43068,25.38287,"Sietiņiezis ir iespaidīgs baltā smilšakmens atsegums, lielākais Latvijā. Šeit ir piknika vietas, pārgājienu takas, skati uz Gauju. Ideāla vieta kur pavadīt pēcpusdienu",none.jpg
Sigulda Līgatne,bezmaksas,taka,neparbaudits,standarta,gruti,20.5km,Trail Head,57.1706,24.8623,20.5KM gara vienvirziena taka no Siguldas centra līdz Līgatnes dabas takām. <b>Marķēta ar Ziliem rombiem</b>. <a href='http://www.gnp.lv/print/185'>GNP info</a>,none.jpg
Sildu Siksalas taka,bezmaksas,taka,neparbaudits,standarta,videji,2.8km,Trail Head,56.66017,26.35145,"Teiču dabas rezervātā – Sildu apkārtnē šogad tapusi jauna purva taka 2,8 km garumā un skatu platforma pie Siksalas.",none.jpg
Skaņākalna parks,bezmaksas,parks,parbaudits,standarta,videji,,Park,57.8634,25.027907,"Dažādas alas, apskates objekti, dabas takas",none.jpg
Skaņākalna taka,bezmaksas,taka,neparbaudits,standarta,videji,2.7km,Trail Head,57.8632307,25.0260725,"Taka aptver Salacas senlejas krāšņāko posmu ar  smilšakmens atsegumiem, alām, avotiem, priežu mežaudzi. Te ir lieliska atpūtas vieta. Papildus dabas brīnumiem gar taku ir izliktas īpaši veidotas koka skulptūras un interaktīvi koka objekti. ",none.jpg
Skrīveru dabas taka,bezmaksas,taka,neparbaudits,standarta,gruti,8km,Trail Head,56.61734,25.0538,"Aptuveni 8km gara taku sistēma pie Skrīveru Dendrārija. Norādes vietām ir pazudūšas, taču taku iespējams iziet, ja sekosiet Openstreetmap iezīmētajam maršrutam",none.jpg
Skuķu ezera tornis,bezmaksas,tornis,neparbaudits,standarta,videji,,Oil Field,56.0645656,26.1925668,"Skuķu ezera krastā 0,5 km attālumā no informācijas centra uzcelts putnu vērošanas tornis",none.jpg
Skuķu ezera tornis 2,bezmaksas,tornis,neparbaudits,standarta,videji,,Oil Field,56.065016543,26.220824718,Nesen atklāts otrs putnu tornis Dvietes palienē,none.jpg
Slīteres aplis,bezmaksas,velo,neparbaudits,standarta,videji,50km,Bike Trail,57.75477,22.59372,"50km aplis, kurš sākas un beidzas Kolkā. No Košraga maršruts ved pa Apakšceļu – vientuļu, gar Bažu purvu un mežu ieskautu seno ceļu starp Košragu un Dūmeli. Tad pa autoceļu atgriežas Kolkā. Marķēts dabā: ir! Vairāk info <a href='https://dl.dropboxusercontent.com/u/363993/CDN/velo/Dundaga-Sl%C4%ABtere.pdf'>PDF failā</a>",none.jpg
Slokas ezera dabas taka,bezmaksas,taka,parbaudits,standarta,videji,,Trail Head,56.95731,23.54637,"Slokas ezera krastā izvietots putnu tornis un laipas pa interesantu vidi, gar ezeru. Laipa ir 3.2km gara, taču iespējams vienkārši pa to paiet, un nākt atpakaļ. Ja tomēr ejat visu, uz beigām kā atlīdzība bērniem, ir dažas interesantas aktivitātes (iešana pa dēli, pa virvi, izvairīšanās no maisiem utt)",slokas.jpg
Slokas ezera putnu tornis,bezmaksas,tornis,parbaudits,standarta,videji,,Oil Field,56.957612319,23.547032475,Putnu vērošanas tornis pie Slokas ezera,none.jpg
Stiglovas grava,bezmaksas,taka,neparbaudits,standarta,videji,,Trail Head,57.0389982,27.5578813,"Te saglabājusies mazpārveidota dabiska ieleja – 2 km posmā izteikta grava ar stāvām nogāzēm, kur vērojami balto un brūnisārto devona smilšakmeņu atsegumi. Ejot pa līkumoto taku, var vērot savdabīgu augu un putnu valsti, apskatīt Stiglovas dižakmeni un vienīgo alu šajā apkaimē. 3.5KM",none.jpg
Strenču pilsētas taka,bezmaksas,taka,parbaudits,rekomendets,videji,5.5km,Trail Head,57.628508,25.712355,"Maršruti no 1-5.5 km garumā, ir piknika vietas. Ļoti skaists mežs, gauja.",none.jpg
Stutkas dabas takas,bezmaksas,taka,neparbaudits,standarta,videji,,Trail Head,56.569956,26.468389,"Stutkas pussala - plaša, Teiču purvā iestiepusies zemes platība. Stutkas pussalā atrodas apskates objekti, kur var redzēt kādreiz bieži apdzīvotās vecticībnieku sādžas mājas vietas. Putnu un zvēru vērošana no skatu torņiem. Pussala pārsvarā aizņem pļavas ar daudziem vērtīgiem un aizsargājamiem augiem. Teiču purvā – līdz Teiču dabas rezervāta robežai izbūvēta ērta taka purva ekosistēmas aplūkošanai.",none.jpg
Svētes piknika vieta,bezmaksas,pikniks,parbaudits,standarta,videji,,Campground,56.6921,23.63171,Svētes upes krastā ierīkoti galdiņi un ugunskura vieta piknikam,none.jpg
Tālivalža grava,maksas,parks,neparbaudits,standarta,videji,630m,Park,56.255963,25.552021,"Ieeja par ziedojumiem,'Tālivalža takas garums 630 m, ar 5tiltiņiem un dažādiem atraktīviem elementiem, šeit galvenais baudījums ir dabas skaistums un meža miers. Tā ir dabas taka ar atraktīviem elementiem, ugunskura vietu un lapenīti.",none.jpg
Tērvetes dabas parks,maksas,parks,parbaudits,standarta,videji,,Park,56.48766,23.37283,"Tērvetē ir ļoti liela teritorija ar dažādām aktivitātēm, ir gan Mammadaba (LVM) info centrs, gan ēstuve, gan ļoti liels daudzums dažādu pastaigu taku, ar pasaku tēliem un namiņiem, kā arī spēļu laukumi utt. <b>Maksas</b> teritorija. <br/>",tervete.jpg
Tīrumnieku purva taka,bezmaksas,taka,parbaudits,standarta,videji,,Trail Head,56.717542,26.946231,"Jauka neliela taka, kas iet pa apli, ļoti skaists ezers, dažādas atpūtas vietas",tirumnieku.jpg
Tolkāja tornis,bezmaksas,tornis,parbaudits,standarta,videji,,Oil Field,56.64875,26.45573,"Jauns tornis pie Teiču rezervāta, šobrīd te atrodas tikai tornis, taču šķiet plānojas arī citas aktivitātes. Piemērots tieši putnu vērošanai. ",none.jpg
Tukuma velo,bezmaksas,velo,neparbaudits,standarta,videji,,Bike Trail,56.96592,23.16976,Tukuma rajonā daudz interesantu velo maršrutu. Vairāk info <a href='https://dl.dropboxusercontent.com/u/363993/CDN/velo/Tukums.pdf'>PDF failā</a>,none.jpg
Ūdru kalna skatu tornis,bezmaksas,tornis,neparbaudits,standarta,videji,,Oil Field,57.21099,22.216038,"Šeit atrodas 2006. gadā būvēts 26,5 m augsts skatu tornis, no kura paveras lielisks skats uz apkartejo vidi - Usmas ezeru un tā salam.",none.jpg
Ukru gārša,bezmaksas,taka,parbaudits,standarta,videji,2km,Trail Head,56.3796285,23.2094318,"Ukru gārša ir aizsargājama dabas teritorija, kas plešas 1135 hektāru platībā Bukaišu un Ukru pagastā. Lai to iepazītu, izveidota taka, kuras īsākais loks ir 1550 metrus, bet garākais, kas vairāk aizaudzis, – 2070 metrus garš. Pie ieejas atrodas ugunskura vieta, galds, soliņi un informācijas stends.",ukru.jpg
Užavas grīvas taka,bezmaksas,taka,neparbaudits,standarta,videji,3km,Trail Head,57.247411,21.41336,"Taka sākas pie Užavas upes grīvas, kur atrodas automašīnu stāvlaukums. Užavas upes grīva ir viena no retajām vietām Eiropā, kur apskatāma neregulēta upes ietece jūrā.",none.jpg
Valguma dabas gleznu taka,bezmaksas,taka,parbaudits,rekomendets,videji,,Trail Head,56.99007,23.31532,Četrarpus kilometru garā taka ved gar Slocenes upi un Valguma ezeru. <a target='_blank' href='http://normis.info/dodies/2013/11/28/dabas-gleznu-taka/'>Plašāka informācija</a>,valguma2.jpg
Valguma baskāju taka,maksas,taka,parbaudits,standarta,videji,,Trail Head,56.98946,23.31575,"Valguma baskāju taka specifiski paredzēta iešanai basām kājām, lai izbaudītu dažādas virsmas. Ļoti interesanti, un ieteicams visai ģimenei. Takas garums ir 2km, un tā ir cenas vērta. Pieaugušajiem ieejas <b>maksa 1.5Ls</b>, skolniekiem 0.75Ls. <a href='http://normis.info/dodies/2013/09/02/valguma-baskaju-taka-un-lacupite/'>Plašāka informācija</a>",valgums.jpg
Vasenieku purva taka,bezmaksas,taka,parbaudits,standarta,videji,4km,Trail Head,57.35911,22.157072,"Vasenieku purvā 4km purva laipa ar torni, jaukiem tiltiņiem",vasenieku.jpg
Vecupes taka,bezmaksas,pikniks,parbaudits,standarta,videji,,Campground,57.17787,23.22156,"Īsa koka laipa līdz pludmalei, kur ierīkoti galdiņi, tualete. Ainaviska vieta. Klusa un mierīga vieta kur atpūsties pie jūras",none.jpg
Vecvārkavas taka,bezmaksas,taka,neparbaudits,standarta,videji,,Trail Head,56.1974434,26.51443,"Novadam raksturīga augu valsts, dabiskas ainavas, arheoloģiskas celtnes (iekļauta Vārkavas muižas pils un Vārkavas Romas katoļu Vissvētās Trīsvienības baznīca) un kultūrvēsturiskas vietas. Garums 2.5km",none.jpg
Vedzes dabas taka,bezmaksas,taka,parbaudits,standarta,videji,,Trail Head,56.95766,25.43373,"Ļoti aizaugisi, sen nekopta taka, taču tai ir iespējams izsekot, un tā patiks mežonīgākas dabas cienītājiem",vedzes.jpg
Vekšu taka,bezmaksas,taka,neparbaudits,standarta,videji,2km,Trail Head,57.7024962879,26.0499572754,"Atrodas 2.1 km no Zīles un ir kā turpinājums Zīles dabas takai, tās garums 0.5 km, apmēram 45 minūšu gājienā ar kājām. Dabā iezīmēta taka ar informatīvajiem stendiem par augu daudzveidību sausās un kaļķainās pļavās, par simtgadīgiem ozoliem, kuros mīt lapu koku praulgrauži, par upju palieņu pļavām, par vecupēm un to veidošanos. Iespēja vērot vecupi un atjaunotas pļavas no 2 platformām.",none.jpg
Velnkalna taka,bezmaksas,taka,neparbaudits,standarta,viegli,1km,Trail Head,57.6779066262,25.2690696716,"Dabas taka, kas sākas pie Burtnieku skolas autobusa pieturas, aizved līdz Eiķenupes ielejai, Velnakalnam un spirdzinošajam Velnavotiņam. Taka tika izveidota 2006. gadā.",none.jpg
Ventas ielejas Eko taka,bezmaksas,tornis,neparbaudits,standarta,videji,,Oil Field,56.97357,21.97719,Taka ar skatu torni,none.jpg
Vienkoču parks,maksas,parks,parbaudits,standarta,videji,,Park,57.19163,25.05239,"Interesants un paliels parks, kurā uzstādīti dažādi objekti izgrebti no koka. Ir pagara pastaigu taka pa tuvējo apkārtni, objekti ir interesanti, un patiks bērniem. Ir <b>ieejas maksa</b>.",vienkoci.jpg
Viesatas upesloku takas,bezmaksas,taka,neparbaudits,standarta,videji,,Trail Head,56.8236003,22.9720596,"Gleznainajos Viesatas upes krastos tiek piedāvāts izstaigāt dabas taku un sarīkot pikniku dabā. Izstaigājot dabas taku būs iespēja apskatīt upes stāvkrastus, 200 gadu vecu priedi, brūno avotiņu, cūku vannu, bebru māju, mežizstrādes laukumu, melnalkšņu audzi, dižbērzu, Spuņņakmeni un daudzus citus objektus. Takas garums vienā virzienā ir 5,1 km.",viesatas.jpg
Viešūra ezera dabas taka,bezmaksas,taka,parbaudits,standarta,videji,1.6km,Trail Head,56.8911085,25.9891576,"1.6km gara taka līdz Viešūra ezeram, taka nav apļveida, jāiet aptpakaļ pa to pašu maršrutu, tātad kopā 3km. Taka sliktā stāvoklī, visai mežonīga, taču daudzveidīga. Ir piknika vietas, tiltiņi, trepītes, sen nav uzkopta. <a href='http://normis.info/dodies/2014/01/11/viesura-ezera-taka-un-kangara-ezers/'>Plašāka informācija</a>",viesuru.jpg
Vikmestes taka,bezmaksas,taka,neparbaudits,standarta,videji,3km,Trail Head,57.1790199,24.8227603,"Jauna taka Siguldā, 3 km gara, sākas stāvlaukumā Turaidas- Raganas ceļa malā pretī Reiņa trasei (Gravzaķi) un izved līdz Serpentīna ceļa piekājei. Taka ainaviski skaista, vērojami smilšakmens atsegumi. Veicama gan ar kājām, gan velo",none.jpg
Vīsraga taka,bezmaksas,taka,neparbaudits,standarta,videji,2.7km,Trail Head,57.69909,25.27703,"Pirmo reizi Burtnieku muiža, viduslaiku pilsdrupas un apkārtnes dabas daudzveidība apvienota vienā stāstā – 2,7 km garā takā, kas sākas pie Burtnieku muižas parka vārtiem un ved līdz putnu vērošanas tornim Burtnieka ezera palieņu pļavā – Vīsraga pļavā.",none.jpg
Vīsraga tornis,bezmaksas,tornis,neparbaudits,standarta,videji,,Oil Field,57.6971,25.29031,"Putnu vērošanas tornis pie Burtnieka ezera, dabas takas galā",none.jpg
Vizlas taka,bezmaksas,taka,parbaudits,rekomendets,videji,1.5km,Trail Head,57.43061,26.34762,"Fantastisks pastaigu maršruts gar Vizlas upi, skaisti klinšu skati, dolomīta atsegumi, pa ceļam apskatāma arī lauku saimniecība, gigantisks laukakmens, un sens tilts pār Vizlas upi. <a href='http://www.normis.info/dodies/vizlas-taka'>Plašāka informācija</a>",vizlas.jpg
Zaķu pļava,bezmaksas,taka,parbaudits,standarta,videji,2.5km,Trail Head,56.42337,23.530341,"Atpūtas vietas, dabas takas, un pikniks Vilces dabas parkā. Barona taka ved gar upes stāvkrastiem un ir 2.5km gara. <a href='http://www.normis.info/dodies/2014/2/15/zaku-pava'>Plašāka informācija</a>",zaku_plava.jpg
Zaķumuižas dabas taka,bezmaksas,taka,neparbaudits,standarta,videji,1.5km,Trail Head,56.96952,24.48797,"Taka sākas pretim bērnudārzam, un ir astotnieka formā. Ved gar muižas kompleksu, upi, jauka pastaiga interesantā vietā. Tā ir 1.5Km gara",zakumuizas.jpg
Zīles taka,bezmaksas,taka,neparbaudits,standarta,videji,,Trail Head,57.7024962879,26.0547637939,"Taka sākas Zīles centrā. Zīlē var nokļūt, nogriežoties no Valkas – Smiltenes šosejas, sekojot norādei uz SIA “Ieviņas” kokzāģētavu. Dabas takā ir dažādi apskates objekti – galvenokārt Eiropas nozīmes īpaši aizsargājami mežu biotopi, piemēram, nogāžu un upju palieņu meži, kuros aug veci ozoli un citi platlapji. Tas ir nekopts, pirmatnējs mežs ar sakritušiem zariem. Gar taku izlikti stendi ar informāciju par skatāmajiem biotopiem, tiem raksturīgajiem augiem, dzīvniekiem un kukaiņiem. Gājēju ērtībai uzcelti tiltiņi un skatu platformas un izvietotas norādes.",none.jpg
Zilo kalnu kraujas tornis,bezmaksas,tornis,parbaudits,standarta,videji,,Oil Field,57.62435,22.27717,"Tornis atrodas uz Slīteres Zilo kalnu kraujas, Dundagas - Mazirbes ceļa malā. No torņa paveras skaists skats, no kura var redzet jūru.",none.jpg
Zirgu salas tornis,bezmaksas,tornis,neparbaudits,standarta,videji,,Oil Field,56.5119719,21.0453027,Putnu vērošanas tornis Zirgu salā,none.jpg
